{"O": 1.0530468356555314, "B-location": 114.47080291970802, "I-location": 256.0408163265306, "B-group": 237.61363636363637, "B-corporation": 283.84615384615387, "B-person": 95.04545454545455, "B-creative-work": 448.07142857142856, "B-product": 441.76056338028167, "I-person": 187.2537313432836, "I-creative-work": 304.5145631067961, "I-corporation": 1363.695652173913, "I-group": 418.2, "I-product": 309.0147783251232}